Service,Total_Revenue,Avg_Revenue_Per_Booking
Massage,34607,1922.611111111111
Hair Coloring,25647,1709.8
Spa Therapy,22029,1694.5384615384614
Facial,21555,1539.642857142857
Beard Trim,17831,1485.9166666666667
Manicure,16420,1642
Pedicure,15372,1537.2
Haircut,10125,1265.625
